fila_excel;codigo;descripcion;unidad_excel;cantidad_presupuestada;costo_unitario_con_igv_pen;proveedor_excel;repisa_demo
7;10154;"PLANCHA ESTRUCTURAL LAC (3/16"") 4.5X1500X6000MM";UNIDAD;5.000;922.000000;COMERCIAL RC S.A.C.;DEMO-VOLVO-EST
9;10154;"PLANCHA ESTRUCTURAL LAC (3/16"") 4.5X1500X6000MM";UNIDAD;3.000;922.000000;COMERCIAL RC S.A.C.;DEMO-VOLVO-EST
11;30001;"PLANCHA ESTRUCTURAL LAC (5/16"") 8.0X1500X3000MM";UNIDAD;1.000;822.000000;COMERCIAL RC S.A.C.;DEMO-VOLVO-EST
12;10276;"PLATINA 1/4""X2.1/2""X6MT";UNIDAD;4.000;86.000000;STEELMARK S.A.;DEMO-VOLVO-EST
13;10834;"TUBO NEGRO REC. (4""X8"") 100X200X3.0MMX6.0MT";UNIDAD;1.500;579.971370;STEELMARK S.A.;DEMO-VOLVO-EST
15;10081;"PLANCHA ESTRUCTURAL LAC (1/8"") 3.0X1500X6000MM";UNIDAD;1.000;950.000000;STEELMARK S.A.;DEMO-VOLVO-EST
16;10302;"PLATINA 1/8""X1/2""X6MT";UNIDAD;1.000;7.500000;COMERCIAL RC S.A.C.;DEMO-VOLVO-EST
17;10303;"PLATINA 1/8""X1""X6MT";UNIDAD;1.000;17.500000;STEELMARK S.A.;DEMO-VOLVO-EST
18;10619;"PLATINA 1/8""X1.1/2""X6MT";UNIDAD;1.000;25.500000;STEELMARK S.A.;DEMO-VOLVO-EST
19;10459;"PERNO HEX (G-2) UNC ZINCADO 1/4"" X 1""";UNIDAD;22.000;0.054000;COMERCIO FABRICACIONES METALICAS S.R.L.;DEMO-VOLVO-EST
20;10248;"ARANDELA ZINCADA 1/4""";UNIDAD;16.000;0.060000;COMERCIO FABRICACIONES METALICAS S.R.L.;DEMO-VOLVO-EST
21;10460;"TUERCA HEX. 1/4"" UNC. ZINCADA (G-2)";UNIDAD;22.000;0.050000;COMERCIO FABRICACIONES METALICAS S.R.L.;DEMO-VOLVO-EST
23;10276;"PLATINA 1/4""X2.1/2""X6MT";UNIDAD;2.000;86.000000;STEELMARK S.A.;DEMO-VOLVO-EST
24;10135;"PERNO HEX (G-8) BRUÑIDO NEGRO DE 5/8"" X 2""";UNIDAD;32.000;1.049000;COMERCIO FABRICACIONES METALICAS S.R.L.;DEMO-VOLVO-EST
25;10177;"TUERCA HEX. 5/8"" UNC. ZINCADA DE SEGURIDAD (G-2)";UNIDAD;32.000;0.380000;COMERCIO FABRICACIONES METALICAS S.R.L.;DEMO-VOLVO-EST
26;10590;"ARANDELA DE 5/8"" H/N";UNIDAD;64.000;0.280000;COMERCIO FABRICACIONES METALICAS S.R.L.;DEMO-VOLVO-EST
27;10130;"PERNO HEX (G-8) BRUÑIDO NEGRO DE 3/4""X9""";UNIDAD;16.000;12.000000;LA CASA DEL PERNO S.R.L.;DEMO-VOLVO-EST
28;10175;"TUERCA HEX. 3/4"" UNC. ZINCADA DE SEGURIDAD (G-2)";UNIDAD;16.000;1.500000;LA CASA DEL PERNO S.R.L.;DEMO-VOLVO-EST
29;10214;"ARANDELA DE 3/4"" H/N";UNIDAD;32.000;0.599833;LA CASA DEL PERNO S.R.L.;DEMO-VOLVO-EST
31;10004;"TUBO NEGRO RED. 1""X3.0MMX6.4MT";UNIDAD;7.000;54.000000;STEELMARK S.A.;DEMO-VOLVO-EST
32;10054;"CODO DE ACERO SOLDABLE A-324 SCH-40  90ºX1""";UNIDAD;13.000;3.000000;FIORELLA REPRESENTACIONES S.A.C.;DEMO-VOLVO-EST
33;10511;"CODO DE ACERO SOLDABLE A-324 SCH-40  90ºX3/4""";UNIDAD;6.000;0.868397;FIORELLA REPRESENTACIONES S.A.C.;DEMO-VOLVO-EST
34;10466;"TUBO NEGRO RED. 3/4""X2.5MMX6.4MT";UNIDAD;2.000;42.790000;STEELMARK S.A.;DEMO-VOLVO-EST
36;10283;"PLANCHA ESTRIADA LAC (3/32"") 2.5X1200X2400MM";UNIDAD;2.000;310.000000;STEELMARK S.A.;DEMO-VOLVO-EST
38;10304;"PLANCHA COMERCIAL LAC (5/64"") 2.0X1200X2400MM";UNIDAD;3.000;135.000000;STEELMARK S.A.;DEMO-VOLVO-EST
39;10142;"PERNO HEX (G-2) UNC ZINCADO 3/8"" X 1""";UNIDAD;8.000;0.200000;COMERCIO FABRICACIONES METALICAS S.R.L.;DEMO-VOLVO-EST
40;10497;"TUERCA HEX. 3/8"" UNC. ZINCADA (G-2)";UNIDAD;8.000;0.100000;COMERCIO FABRICACIONES METALICAS S.R.L.;DEMO-VOLVO-EST
42;10199;"VALVULA. MARIPOSA 4"" WAFER FE DISCO C-316 A/EPDM C/ PALANCA E/CUADRADO";UNIDAD;4.000;80.363192;FIORELLA REPRESENTACIONES S.A.C.;DEMO-VOLVO-EST
43;10201;"VALVULA. MARIPOSA 2"" WAFER FE DISCO C-316 A/EPDM C/ PALANCA E/CUADRADO";UNIDAD;1.000;40.891956;FIORELLA REPRESENTACIONES S.A.C.;DEMO-VOLVO-EST
44;10202;"VALVULA. MARIPOSA 3"" WAFER FE DISCO C-316 A/EPDM C/ PALANCA E/CUADRADO";UNIDAD;3.000;60.562320;FIORELLA REPRESENTACIONES S.A.C.;DEMO-VOLVO-EST
45;10200;"VALVULA. MARIPOSA 8"" WAFER FE DISCO C-316 A/EPDM C/ PALANCA E/CUADRADO";UNIDAD;1.000;364.491144;FIORELLA REPRESENTACIONES S.A.C.;DEMO-VOLVO-EST
46;10195;"VALVULA ESFERICA DE 1"" CIM 14";UNIDAD;1.000;35.000000;CORPORACION METALURGICO AGUILAR EIRL;DEMO-VOLVO-EST
47;10968;"NIPLE (ESCAMADO) COMBINADO ACERO AL CARBONO 1""";UNIDAD;3.000;5.500000;EUROFLEX PERU S.A.C.;DEMO-VOLVO-EST
48;10119;"NIPLE DE ACERO SCHEDULE 40 EXTREMOS ROSCA NTP 1 X 3""";UNIDAD;0.500;1.886112;;DEMO-VOLVO-EST
49;10650;"NIPLE DE ACERO SCHEDULE 40 EXTREMOS ROSCA NTP 2""X 4""";UNIDAD;0.500;5.020000;;DEMO-VOLVO-EST
50;10492;"NIPLE DE ACERO SCHEDULE 40 EXTREMOS ROSCA NPT 3""X4""";UNIDAD;0.500;11.850000;;DEMO-VOLVO-EST
51;10901;"NIPLE DE ACERO SCHEDULE 40 EXTREMOS ROSCA NPT 4""X5""";UNIDAD;0.500;18.000000;;DEMO-VOLVO-EST
52;10237;"BRIDA DE ACERO SLIP ON X 150 LBS 4""";UNIDAD;12.000;38.000000;HIDROIL S.A.C.;DEMO-VOLVO-EST
53;10533;"BRIDA DE ACERO SLIP ON X 150 LBS 3""";UNIDAD;5.000;35.000000;HIDROIL S.A.C.;DEMO-VOLVO-EST
54;10583;"BRIDA DE ACERO SLIP ON X 150 LBS 2""";UNIDAD;2.000;30.000000;HIDROIL S.A.C.;DEMO-VOLVO-EST
55;10572;"PERNO HEX (G-2) UNC ZINCADO 1/2"" X 4""";UNIDAD;20.000;1.500000;;DEMO-VOLVO-EST
56;10893;"PERNO HEX (G-8) BRUÑIDO NEGRO DE 9/16""X4.1/2""";UNIDAD;8.000;1.600000;;DEMO-VOLVO-EST
57;10141;"PERNO HEX (G-2) UNC ZINCADO 1/2"" X 3.1/2""";UNIDAD;12.000;1.200000;COMERCIO FABRICACIONES METALICAS S.R.L.;DEMO-VOLVO-EST
58;10180;"TUERCA HEX. 1/2"" UNC. ZINCADA (G-2)";UNIDAD;32.000;0.180000;COMERCIO FABRICACIONES METALICAS S.R.L.;DEMO-VOLVO-EST
59;10025;"ARANDELA ZINCADA DE 1/2""";UNIDAD;64.000;0.200000;COMERCIO FABRICACIONES METALICAS S.R.L.;DEMO-VOLVO-EST
60;10307;"U-BOLTS 3/8"" x 4"" ZINCADO + 2/TUERCA + 2/ARANDELA";KIT;9.000;3.600000;FIORELLA REPRESENTACIONES S.A.C.;DEMO-VOLVO-EST
61;10485;"TUBO NEGRO RED.  SCH-40 4""X6.0MT";UNIDAD;1.000;485.000000;STEELMARK S.A.;DEMO-VOLVO-EST
62;10560;"TUBO NEGRO RED. 3""X3.0MMX6.0MT";UNIDAD;1.500;220.000000;STEELMARK S.A.;DEMO-VOLVO-EST
63;10058;"CODO DE ACERO SOLDABLE A-324 SCH-40  90ºX4""";UNIDAD;4.000;17.877000;FIORELLA REPRESENTACIONES S.A.C.;DEMO-VOLVO-EST
64;10057;"CODO DE ACERO SOLDABLE A-324 SCH-40  90ºX3""";UNIDAD;5.000;12.000000;FIORELLA REPRESENTACIONES S.A.C.;DEMO-VOLVO-EST
65;10269;"ACOPLE DE ALUMINIO TIPO CAM-LOCK 2"" D";UNIDAD;1.000;14.137981;EUROFLEX PERU S.A.C.;DEMO-VOLVO-EST
66;10270;"ACOPLE DE ALUMINIO TIPO CAM-LOCK 2"" E";UNIDAD;1.000;9.434489;EUROFLEX PERU S.A.C.;DEMO-VOLVO-EST
67;10267;"ACOPLE DE ALUMINIO TIPO CAM-LOCK 3"" D";UNIDAD;1.000;24.397645;EUROFLEX PERU S.A.C.;DEMO-VOLVO-EST
68;10271;"ACOPLE DE ALUMINIO TIPO CAM-LOCK 3"" E";UNIDAD;1.000;17.741241;EUROFLEX PERU S.A.C.;DEMO-VOLVO-EST
69;10268;"ACOPLE DE ALUMINIO TIPO CAM-LOCK 4"" D";UNIDAD;1.000;35.702528;EUROFLEX PERU S.A.C.;DEMO-VOLVO-EST
70;10272;"ACOPLE DE ALUMINIO TIPO CAM-LOCK 4"" E";UNIDAD;1.000;30.000000;EUROFLEX PERU S.A.C.;DEMO-VOLVO-EST
71;10165;TEFLON AMARILLO 12MMX8YDS;UNIDAD;12.000;1.200000;FIORELLA REPRESENTACIONES S.A.C.;DEMO-VOLVO-EST
72;10799;"ASPERSOR 3"" AJUSTABLE 180º";UNIDAD;2.000;200.000000;HIDROIL S.A.C.;DEMO-VOLVO-EST
73;10670;"REDUCCION CONCENTRICA SOLDABLE SCH-40  4""X3""";UNIDAD;2.000;12.000000;FIORELLA REPRESENTACIONES S.A.C.;DEMO-VOLVO-EST
74;10512;"PERNO HEX (G-2) UNC ZINCADO 1/2""X1.1/2""";UNIDAD;14.000;0.398000;COMERCIO FABRICACIONES METALICAS S.R.L.;DEMO-VOLVO-EST
75;10025;"ARANDELA ZINCADA DE 1/2""";UNIDAD;28.000;0.200000;COMERCIO FABRICACIONES METALICAS S.R.L.;DEMO-VOLVO-EST
76;10180;"TUERCA HEX. 1/2"" UNC. ZINCADA (G-2)";UNIDAD;14.000;0.180000;COMERCIO FABRICACIONES METALICAS S.R.L.;DEMO-VOLVO-EST
77;10761;"CODO F. GALV. DE CALLE (CACHIMBOS) UL/FM 92 MECH 90 x 1""";UNIDAD;2.000;2.842620;FIORELLA REPRESENTACIONES S.A.C.;DEMO-VOLVO-EST
78;10628;"COPLA ROSCADA ACERO X 3,000 LBS A-105 1.1/4""";UNIDAD;1.000;7.500000;;DEMO-VOLVO-EST
79;10629;"COPLA ROSCADA ACERO X 3,000 LBS A-105 1""";UNIDAD;2.000;4.850000;;DEMO-VOLVO-EST
80;10164;"TEE DE ACERO SOLDABLE A-324 SCH-40 4""";UNIDAD;1.000;26.484156;FIORELLA REPRESENTACIONES S.A.C.;DEMO-VOLVO-EST
82;10501;"MANGUERA P/SUCCION 4"" AGUA PESADA PVC";METRO;8.000;60.000000;LA CASA DEL RETEN E.I.R.L.;DEMO-VOLVO-EQP
83;10473;"MANGUERA P/SUCCION 2"" AGUA PESADA PVC";METRO;8.000;25.000000;LA CASA DEL RETEN E.I.R.L.;DEMO-VOLVO-EQP
84;10677;"MANGUERA P/DESCARGA AGUA J/LONA 4.1/2""";METRO;1.000;192.000000;;DEMO-VOLVO-EQP
85;10626;"MANGUERA PVC 1"" TRANSPARENTE";METRO;1.500;10.000000;;DEMO-VOLVO-EQP
86;10565;ABRAZADERAS INDUSTRIALES DE W1 22MM (104-112 MM);UNIDAD;6.000;4.500000;;DEMO-VOLVO-EQP
87;10009;ABRAZADERAS INDUSTRIALES DE W1 22MM (122-130 MM);UNIDAD;20.000;4.503550;EUROFLEX PERU S.A.C.;DEMO-VOLVO-EQP
88;10597;"ABRAZADERAS RANURADA CON JEBE 3""";UNIDAD;2.000;13.678560;FIORELLA REPRESENTACIONES S.A.C.;DEMO-VOLVO-EQP
89;10315;ABRAZADERAS INDUSTRIALES DE W1 22MM (60-63 MM);UNIDAD;2.000;7.000000;FERRETERIA INDUSTRIAL KOU S.A.C.;DEMO-VOLVO-EQP
90;10394;"VALVULA CHECK VERTICAL TIPO CANASTILLA 4"" DE ACERO";UNIDAD;1.000;55.000000;JOPCO S.A.C.;DEMO-VOLVO-EQP
91;10595;ABRAZADERAS INDUSTRIALES DE W1 22MM (29-31 MM);UNIDAD;2.000;2.300000;;DEMO-VOLVO-EQP
93;10015;"ACTUADOR NEUMÁTICO KH63 4"" DOBLE EFECTO";UNIDAD;2.000;330.000000;CONTROL VALVES S.A.C.;DEMO-VOLVO-EQP
94;10309;"ACTUADOR NEUMATICO GN 35 8"" DOBLE EFECTO";UNIDAD;1.000;844.821000;FIORELLA REPRESENTACIONES S.A.C.;DEMO-VOLVO-EQP
95;10969;"DADO CUADRADO PARA ACOPLE DE VALVULA 8"" 17X22MM";UNIDAD;1.000;40.471168;FIORELLA REPRESENTACIONES S.A.C.;DEMO-VOLVO-EQP
96;10072;"DADO ESTRIADO PARA ACOPLE DE VALVULA 6"" 14X17MM";UNIDAD;2.000;20.000000;;DEMO-VOLVO-EQP
97;10066;"CONECTOR RÁPIDO CODO DE 1/4"" NPT X MANG. 6MM";UNIDAD;16.000;4.012000;ELECTRO PNEUMATIC INTERNATIONAL S.A.C. - EPNI S.A.C.;DEMO-VOLVO-EQP
98;10062;"CONECTOR RÁPIDO CODO DE 1/4"" NPT X MANG. 8MM";UNIDAD;8.000;3.500000;FERRETERIA INDUSTRIAL KOU S.A.C.;DEMO-VOLVO-EQP
99;11004;"TUBO NEGRO RED. 2.1/2""X2.0MMX6.0MT";UNIDAD;1.000;89.910000;STEELMARK S.A.;DEMO-VOLVO-EQP
100;10296;"UNIDAD DE MANTENIMIENTO MINI  1/4""";UNIDAD;1.000;185.000000;ELECTRO PNEUMATIC INTERNATIONAL S.A.C. - EPNI S.A.C.;DEMO-VOLVO-EQP
101;10319;MANGUERA NEUMATICA DE 6MM;METRO;100.000;3.200000;EUROFLEX PERU S.A.C.;DEMO-VOLVO-EQP
102;10528;MANGUERA NEUMATICA DE 8MM;METRO;40.000;4.000000;;DEMO-VOLVO-EQP
103;10127;PERNO HEX M8 x 25 mm (G-10.9);UNIDAD;16.000;0.500000;COMERCIO FABRICACIONES METALICAS S.R.L.;DEMO-VOLVO-EQP
104;DV-R104;ACOPLES RAPIDOS;KIT;1.000;250.000000;;DEMO-VOLVO-EQP
105;10546;"BUSHING BRONCE M16 NPT MACHOX 3/8"" NPT HEMBRA";UNIDAD;1.000;5.000000;;DEMO-VOLVO-EQP
106;10611;ARANDELA DE PRESION H/N DE M8;UNIDAD;16.000;0.300000;COMERCIO FABRICACIONES METALICAS S.R.L.;DEMO-VOLVO-EQP
108;10581;"PERNO HEX (G-2) UNC ZINCADO 1/2"" X 2""";UNIDAD;12.000;0.520000;COMERCIO FABRICACIONES METALICAS S.R.L.;DEMO-VOLVO-EQP
110;10180;"TUERCA HEX. 1/2"" UNC. ZINCADA (G-2)";UNIDAD;12.000;0.180000;COMERCIO FABRICACIONES METALICAS S.R.L.;DEMO-VOLVO-EQP
111;10025;"ARANDELA ZINCADA DE 1/2""";UNIDAD;24.000;0.200000;COMERCIO FABRICACIONES METALICAS S.R.L.;DEMO-VOLVO-EQP
112;11002;ACOPLE BOMBA-MOTOR;UNIDAD;1.000;300.000000;FACTORIA PALACIOS SAC;DEMO-VOLVO-EQP
113;10010;ACOPLAMIENTO TIPO CRUCETA L100 H/F;UNIDAD;2.000;120.000000;JG HYDRAULIK SOCIEDAD ANONIMA CERRADA;DEMO-VOLVO-EQP
114;10143;"PERNO HEX (G-2) UNC ZINCADO 3/8"" X 1.1/2""";UNIDAD;4.000;0.200000;COMERCIO FABRICACIONES METALICAS S.R.L.;DEMO-VOLVO-EQP
115;10334;"VALVULA VMAX 150 1""";UNIDAD;1.000;535.000000;INTERPUMP HYDRAULICS PERU S.A.C.;DEMO-VOLVO-EQP
116;10335;"VALVULA REGULADORA DE FLUJO PRIORITARIA 3/4""";UNIDAD;1.000;945.000000;INTERPUMP HYDRAULICS PERU S.A.C.;DEMO-VOLVO-EQP
117;10753;MOTOR 3GM G44 R-13G VT;UNIDAD;1.000;1800.000000;INTERPUMP HYDRAULICS PERU S.A.C.;DEMO-VOLVO-EQP
118;10599;"PERNO HEX (G-2) UNC ZINCADO 1/4"" X 2.1/2""";UNIDAD;2.000;0.124000;COMERCIO FABRICACIONES METALICAS S.R.L.;DEMO-VOLVO-EQP
119;10460;"TUERCA HEX. 1/4"" UNC. ZINCADA (G-2)";UNIDAD;4.000;0.050000;COMERCIO FABRICACIONES METALICAS S.R.L.;DEMO-VOLVO-EQP
120;10248;"ARANDELA ZINCADA 1/4""";UNIDAD;4.000;0.060000;COMERCIO FABRICACIONES METALICAS S.R.L.;DEMO-VOLVO-EQP
121;DV-R121;CONECTORES HIDRAULICOS;#N/A;1.000;800.000000;;DEMO-VOLVO-EQP
122;DV-R122;MANGUERAS HIDRAULICAS;#N/A;1.000;1350.000000;;DEMO-VOLVO-EQP
123;10483;"TUBO NEGRO RED.  SCH-40 1""X6.0MT";UNIDAD;1.000;85.000000;STEELMARK S.A.;DEMO-VOLVO-EQP
124;10346;"TUBO NEGRO RED.  SCH-40 1.1/2""X6.0MT";UNIDAD;1.000;115.680000;STEELMARK S.A.;DEMO-VOLVO-EQP
125;10336;"VALVULA VDMR-S 1""";UNIDAD;1.000;688.553600;INTERPUMP HYDRAULICS PERU S.A.C.;DEMO-VOLVO-EQP
126;10775;BOMBA HIDRAULICA DIRECCIONAL AHD063R-ISO/4H;UNIDAD;1.000;2350.000000;BINOTTO PERU S.A.C.;DEMO-VOLVO-EQP
127;10832;ESTANQUE HIDRAULICO 60LTS;UNIDAD;1.000;1296.702000;INTERPUMP HYDRAULICS PERU S.A.C.;DEMO-VOLVO-EQP
129;10392;ACEITE HIDRAULICO AW68 CIL X 55 GL;GALON;5.000;195.000000;IMPLEMENTOS PERU S.A.C.;DEMO-VOLVO-EQP
131;10617;"TUBO NEGRO RED. 1.1/2""X2.5MMX6.0MT";UNIDAD;1.000;54.190037;COMERCIAL RC S.A.C.;DEMO-VOLVO-EQP
132;10866;"TUBO NEGRO RED. 1/2""X1.8MMX6.0MT";UNIDAD;2.000;23.500000;STEELMARK S.A.;DEMO-VOLVO-EQP
133;10092;"FARO AMBAR/BIVOLTAJE LATERAL 2"" 3 LED";UNIDAD;12.000;12.000000;BULLON HUAYANAY ALEJANDRO;DEMO-VOLVO-EQP
134;10758;FARO ROJO/BIVOLTAJE LATERAL RECT. 12 LED;UNIDAD;3.000;20.000000;;DEMO-VOLVO-EQP
135;10660;FAROS CUADRADOS LUZ BLANCA (PIRATAS);UNIDAD;4.000;35.000000;GAVEL GROUP S.A.C.;DEMO-VOLVO-EQP
136;10694;CAJA METALICA HERMETICA IP66 300X400X200MM;UNIDAD;1.000;195.000000;;DEMO-VOLVO-EQP
137;10297;"ELECTROVALVULA MONOESTABLE 5/2 CON BOBINA DE 24VDC  1/4""";UNIDAD;4.000;60.000000;;DEMO-VOLVO-EQP
138;10298;"TAPON CON ORING 1/4""";UNIDAD;4.000;4.860000;ELECTRO PNEUMATIC INTERNATIONAL S.A.C. - EPNI S.A.C.;DEMO-VOLVO-EQP
139;10579;BASE PORTA FUSIBLE 10F;UNIDAD;1.000;22.000000;;DEMO-VOLVO-EQP
140;10574;"MANIFOLD 5/2 1/4"" - 4 VALVULAS";UNIDAD;1.000;48.110000;;DEMO-VOLVO-EQP
141;10696;BASE PARA RELAY ENCAPSULADO 8 PINES;UNIDAD;6.000;8.500000;INDUSTRIAS ELECTRICAS V&L;DEMO-VOLVO-EQP
142;10695;RELAY ENCAPSULADO 24VDC 8 PINES;UNIDAD;6.000;12.500000;INDUSTRIAS ELECTRICAS V&L;DEMO-VOLVO-EQP
143;10448;FUSIBLE UÑA 15AMP;UNIDAD;8.000;0.800000;;DEMO-VOLVO-EQP
144;10097;FUSIBLE UÑA 30AMP;UNIDAD;2.000;0.600000;INVERSIONES PINTO SAC;DEMO-VOLVO-EQP
145;10577;BORNERA DE BAQUELITA 25A 6 POLOS;UNIDAD;1.000;7.000000;;DEMO-VOLVO-EQP
146;10037;CABLE AUTOMOTRIZ GPT Nº16;METRO;60.000;3.500000;INVERSIONES PINTO SAC;DEMO-VOLVO-EQP
147;10568;CABLE AUTOMOTRIZ GPT Nº12;METRO;10.000;5.500000;;DEMO-VOLVO-EQP
148;10047;CINTA AISLANTE 3M GRANDE;UNIDAD;5.000;3.800000;INVERSIONES PINTO SAC;DEMO-VOLVO-EQP
149;DV-R149;"TERMINALES ELECTRICOS 1/8"", 1/4"", 3/16""";#N/A;1.000;20.000000;;DEMO-VOLVO-EQP
150;10698;RIEL SIMETRICO P/INSTALAR (ELECTRICO);METRO;1.000;25.000000;;DEMO-VOLVO-EQP
151;10162;"STOVE BOLTS MIXTO ZINCADO 3/16"" X 1""";UNIDAD;22.000;0.120000;DINABINSE SAC;DEMO-VOLVO-EQP
152;10142;"PERNO HEX (G-2) UNC ZINCADO 3/8"" X 1""";UNIDAD;4.000;0.200000;COMERCIO FABRICACIONES METALICAS S.R.L.;DEMO-VOLVO-EQP
153;10497;"TUERCA HEX. 3/8"" UNC. ZINCADA (G-2)";UNIDAD;4.000;0.100000;COMERCIO FABRICACIONES METALICAS S.R.L.;DEMO-VOLVO-EQP
154;10109;"MANGUERA CORRUGADA 1/4"" NEGRO";METRO;20.000;1.200000;INVERSIONES PINTO SAC;DEMO-VOLVO-EQP
156;10112;MASILLA ROBERLO 4KG;UNIDAD;16.000;82.000000;FERRETERIA Y MATIZADOS A TODO COLOR E.I.R.L;DEMO-VOLVO-ACB
157;10086;ESMALTE ACRILICO / GRIS VOLVO;GALON;1.000;56.000000;;DEMO-VOLVO-ACB
158;10085;ESMALTE ACRILICO / BLANCO;GALON;2.000;56.000000;FERRETERIA Y MATIZADOS A TODO COLOR E.I.R.L;DEMO-VOLVO-ACB
159;10084;ESMALTE ACRILICO / AZÚL ELÉCTRICO;GALON;2.000;56.000000;;DEMO-VOLVO-ACB
160;10102;LIJA DE 100;PLIEGO;5.000;2.000000;FERRETERIA Y MATIZADOS A TODO COLOR E.I.R.L;DEMO-VOLVO-ACB
161;10103;LIJA DE 150;PLIEGO;5.000;2.000000;FERRETERIA Y MATIZADOS A TODO COLOR E.I.R.L;DEMO-VOLVO-ACB
162;10104;LIJA DE 180;PLIEGO;5.000;2.000000;FERRETERIA Y MATIZADOS A TODO COLOR E.I.R.L;DEMO-VOLVO-ACB
163;10105;LIJA PARA METAL DE 40;PLIEGO;5.000;10.000000;FERRETERIA Y MATIZADOS A TODO COLOR E.I.R.L;DEMO-VOLVO-ACB
164;10293;LIJA DE 120;PLIEGO;5.000;2.000000;FERRETERIA Y MATIZADOS A TODO COLOR E.I.R.L;DEMO-VOLVO-ACB
165;10584;LIJA DE 80;PLIEGO;5.000;2.000000;FERRETERIA Y MATIZADOS A TODO COLOR E.I.R.L;DEMO-VOLVO-ACB
166;10592;LIJA DE 220;PLIEGO;5.000;2.000000;FERRETERIA Y MATIZADOS A TODO COLOR E.I.R.L;DEMO-VOLVO-ACB
167;10593;LIJA DE 320;PLIEGO;5.000;2.000000;FERRETERIA Y MATIZADOS A TODO COLOR E.I.R.L;DEMO-VOLVO-ACB
168;10471;WAYPE DE LIMPIEZA;KG;3.000;8.000000;FERRETERIA Y MATIZADOS A TODO COLOR E.I.R.L;DEMO-VOLVO-ACB
169;10863;PAPEL PARA PINTAR;CIENTO;1.000;26.000000;FERRETERIA Y MATIZADOS A TODO COLOR E.I.R.L;DEMO-VOLVO-ACB
170;DV-R170;STICKERS PARA LOGO;#N/A;7.000;30.000000;;DEMO-VOLVO-ACB
171;10048;"CINTA DE PINTOR DE 1/2""";UNIDAD;3.000;2.500000;FERRETERIA Y MATIZADOS A TODO COLOR E.I.R.L;DEMO-VOLVO-ACB
172;10049;"CINTA DE PINTOR DE 3/4""";UNIDAD;5.000;3.500000;FERRETERIA Y MATIZADOS A TODO COLOR E.I.R.L;DEMO-VOLVO-ACB
173;10591;BASE AL ACEITE GRIS;GALON;2.000;48.000000;FERRETERIA Y MATIZADOS A TODO COLOR E.I.R.L;DEMO-VOLVO-ACB
174;10405;KIT ZINCROMATO EPOXICO AURORA;KIT;2.000;220.000000;FERRETERIA Y MATIZADOS A TODO COLOR E.I.R.L;DEMO-VOLVO-ACB
175;10973;KIT ZINCROMATO EPOXICO TITANIC;KIT;2.000;190.000000;FERRETERIA Y MATIZADOS A TODO COLOR E.I.R.L;DEMO-VOLVO-ACB
176;10406;ESMALTE SINTÉTICO AZUL ULTRAMAR;GALON;4.000;45.000000;FERRETERIA Y MATIZADOS A TODO COLOR E.I.R.L;DEMO-VOLVO-ACB
177;10782;"BROCHA 6""";UNIDAD;1.000;15.000000;FERRETERIA Y MATIZADOS A TODO COLOR E.I.R.L;DEMO-VOLVO-ACB
178;11003;"RODILLO DE PINTAR 9""";UNIDAD;1.000;18.000000;FERRETERIA Y MATIZADOS A TODO COLOR E.I.R.L;DEMO-VOLVO-ACB
179;10959;"REPUESTO DE RODILLO DE PINTAR 9""";UNIDAD;1.000;9.000000;FERRETERIA Y MATIZADOS A TODO COLOR E.I.R.L;DEMO-VOLVO-ACB
180;10748;KIT BARNIZ Z5;KIT;2.000;190.000000;FERRETERIA Y MATIZADOS A TODO COLOR E.I.R.L;DEMO-VOLVO-ACB
181;10510;BASE ZINCROMATO AUTOMOTRIZ;GALON;1.000;23.000000;;DEMO-VOLVO-ACB
182;10173;TRAPO INDUSTRIAL;KG;2.000;4.000000;FERRETERIA Y MATIZADOS A TODO COLOR E.I.R.L;DEMO-VOLVO-ACB
183;10027;THINNER ACRILICO;GALON;15.000;14.997800;MATIZADOS AUTOMOTRIZ EL ORIENTE E.I.R.L.;DEMO-VOLVO-ACB
185;10422;ALAMBRE MIG 0.9MM 20KG;ROLLO;6.000;125.740800;UNIMAQ S.A.;DEMO-VOLVO-ACB
186;10569;TIP DE 0.9MM;UNIDAD;4.000;3.929400;UNIMAQ S.A.;DEMO-VOLVO-ACB
187;10623;DIFUSOR DE GAS;UNIDAD;2.000;9.823500;UNIMAQ S.A.;DEMO-VOLVO-ACB
188;10624;PUNTA DE TOBERA 16MM Nº:4;UNIDAD;2.000;23.576400;UNIMAQ S.A.;DEMO-VOLVO-ACB
189;10589;CUERPO DE TOBERA ANTORCHA MIG;UNIDAD;2.000;27.920000;UNIMAQ S.A.;DEMO-VOLVO-ACB
190;10074;"DISCO DE CORTE de 4.1/2""X3/64""X7/8"" (1MM)";UNIDAD;25.000;2.300000;DINABINSE SAC;DEMO-VOLVO-ACB
191;10076;"DISCO DE DESBASTE DE METAL 4.1/2""X1/4""X7/8"" (6.3MM)";UNIDAD;25.000;4.500000;DINABINSE SAC;DEMO-VOLVO-ACB
192;10075;"DISCO DE DESBASTE DE METAL 7""X1/4""X7/8"" (6.3MM)";UNIDAD;15.000;6.500000;;DEMO-VOLVO-ACB
193;10261;"DISCO DE CORTE de 7""X1/8""X7/8"" (3,2MM)";UNIDAD;10.000;5.500000;CHAVEZ CHUÑE ROSARIO ALCIRA;DEMO-VOLVO-ACB
194;10073;"DISCO DE CORTE 14"" x 3/32""x1"" (2.4m)  - (44640)";UNIDAD;5.000;14.500000;COMERCIO FABRICACIONES METALICAS S.R.L.;DEMO-VOLVO-ACB
195;10193;STARGOLD 10M³ (GAS FERROLINE);UNIDAD;4.000;200.600000;AIR PRODUCTS PERU S.A.;DEMO-VOLVO-ACB
196;10110;GAS OXIGENO 10M³;UNIDAD;2.000;118.000000;AIR PRODUCTS PERU S.A.;DEMO-VOLVO-ACB
197;10083;BALON DE GAS PROPANO;UNIDAD;2.000;39.100000;TRANSPORTE E INVERSIONES LIBER GAS S.A.C.;DEMO-VOLVO-ACB
198;10570;"BOQUILLA PARA  CAÑA DE CORTE 1/64""";UNIDAD;2.000;40.000000;;DEMO-VOLVO-ACB
199;10107;VIDRIO NEGRO P/CARETA DE SOLDAR;UNIDAD;2.000;1.250000;;DEMO-VOLVO-ACB
200;10108;VIDRIO TRASPARENTE P/CARETA DE SOLDAR;UNIDAD;6.000;0.200000;;DEMO-VOLVO-ACB
215;DV-R215;GUANTES CORTOS;EPP;3.000;15.000000;;DEMO-VOLVO-ACB
216;DV-R216;GUANTE PARA SOLDADOR;EPP;1.000;18.000000;;DEMO-VOLVO-ACB
217;DV-R217;PROTECTOR AUDITIVO;EPP;3.000;3.000000;;DEMO-VOLVO-ACB
218;DV-R218;LENTES OSCUROS;EPP;3.000;3.000000;;DEMO-VOLVO-ACB
219;DV-R219;GORRO PARA SOL;EPP;3.000;13.000000;;DEMO-VOLVO-ACB
220;DV-R220;FILTRO 2097;EPP;2.000;45.000000;;DEMO-VOLVO-ACB
221;DV-R221;MAMELUCO PARA PINTAR INTERNO;EPP;1.000;18.000000;;DEMO-VOLVO-ACB
222;DV-R222;MASCARILLA ANTICOVID (CAJA);EPP;0.500;20.000000;;DEMO-VOLVO-ACB
223;DV-R223;ALCOHOL (LITRO);#N/A;1.000;8.000000;;DEMO-VOLVO-ACB
